{
  "accuracy": 0.9019370460048426,
  "precision": 0.9148936170212766,
  "recall": 0.5408805031446541,
  "f1": 0.6798418972332015,
  "roc_auc": 0.9566254608544784
}
